{
  "KYvMsMLNGvY.004.mp4": {
    "openness": 0.7444444444444444,
    "conscientiousness": 0.6504854368932039,
    "extraversion": 0.5514018691588786,
    "agreeableness": 0.5274725274725275,
    "neuroticism": 0.5
  },
  "bt-ev53zZWE.000.mp4": {
    "openness": 0.7444444444444444,
    "conscientiousness": 0.6504854368932039,
    "extraversion": 0.5514018691588786,
    "agreeableness": 0.5274725274725275,
    "neuroticism": 0.5
  },
  "LNiiKncirQA.001.mp4": {
    "openness": 0.7444444444444444,
    "conscientiousness": 0.6504854368932039,
    "extraversion": 0.5514018691588786,
    "agreeableness": 0.5274725274725275,
    "neuroticism": 0.5
  },
  "9Crw2RtrBcY.005.mp4": {
    "openness": 0.7444444444444444,
    "conscientiousness": 0.6504854368932039,
    "extraversion": 0.5514018691588786,
    "agreeableness": 0.5274725274725275,
    "neuroticism": 0.5
  },
  "ZaihsIQZCx8.004.mp4": {
    "openness": 0.7444444444444444,
    "conscientiousness": 0.6504854368932039,
    "extraversion": 0.5514018691588786,
    "agreeableness": 0.5274725274725275,
    "neuroticism": 0.5
  },
  "aLvpOYqzErk.003.mp4": {
    "openness": 0.7444444444444444,
    "conscientiousness": 0.6504854368932039,
    "extraversion": 0.5514018691588786,
    "agreeableness": 0.5274725274725275,
    "neuroticism": 0.5
  },
  "luH2RoZW-eY.005.mp4": {
    "openness": 0.7444444444444444,
    "conscientiousness": 0.6504854368932039,
    "extraversion": 0.5514018691588786,
    "agreeableness": 0.5274725274725275,
    "neuroticism": 0.5
  },
  "fsLf6Xv_Gbk.003.mp4": {
    "openness": 0.7444444444444444,
    "conscientiousness": 0.6504854368932039,
    "extraversion": 0.5514018691588786,
    "agreeableness": 0.5274725274725275,
    "neuroticism": 0.5
  },
  "2d6btbaNdfo.002.mp4": {
    "openness": 0.7444444444444444,
    "conscientiousness": 0.6504854368932039,
    "extraversion": 0.5514018691588786,
    "agreeableness": 0.5274725274725275,
    "neuroticism": 0.5
  },
  "Wj8ZY5d1lbs.001.mp4": {
    "openness": 0.7444444444444444,
    "conscientiousness": 0.6504854368932039,
    "extraversion": 0.5514018691588786,
    "agreeableness": 0.5274725274725275,
    "neuroticism": 0.5
  },
  "1tPH6PNeOSk.005.mp4": {
    "openness": 0.7444444444444444,
    "conscientiousness": 0.6504854368932039,
    "extraversion": 0.5514018691588786,
    "agreeableness": 0.5274725274725275,
    "neuroticism": 0.5
  },
  "Ay7bZ7Sgx9Q.002.mp4": {
    "openness": 0.7444444444444444,
    "conscientiousness": 0.6504854368932039,
    "extraversion": 0.5514018691588786,
    "agreeableness": 0.5274725274725275,
    "neuroticism": 0.5
  },
  "pPtzEnf5afw.002.mp4": {
    "openness": 0.7444444444444444,
    "conscientiousness": 0.6504854368932039,
    "extraversion": 0.5514018691588786,
    "agreeableness": 0.5274725274725275,
    "neuroticism": 0.5
  },
  "FksSYDfLH04.000.mp4": {
    "openness": 0.7444444444444444,
    "conscientiousness": 0.6504854368932039,
    "extraversion": 0.5514018691588786,
    "agreeableness": 0.5274725274725275,
    "neuroticism": 0.5
  },
  "VoPuhcQc_mg.005.mp4": {
    "openness": 0.7444444444444444,
    "conscientiousness": 0.6504854368932039,
    "extraversion": 0.5514018691588786,
    "agreeableness": 0.5274725274725275,
    "neuroticism": 0.5
  },
  "phjVMKGYBKs.004.mp4": {
    "openness": 0.7444444444444444,
    "conscientiousness": 0.6504854368932039,
    "extraversion": 0.5514018691588786,
    "agreeableness": 0.5274725274725275,
    "neuroticism": 0.5
  },
  "U2RemWUyjts.005.mp4": {
    "openness": 0.7444444444444444,
    "conscientiousness": 0.6504854368932039,
    "extraversion": 0.5514018691588786,
    "agreeableness": 0.5274725274725275,
    "neuroticism": 0.5
  },
  "6M8OQNo64Tc.001.mp4": {
    "openness": 0.7444444444444444,
    "conscientiousness": 0.6504854368932039,
    "extraversion": 0.5514018691588786,
    "agreeableness": 0.5274725274725275,
    "neuroticism": 0.5
  },
  "nmZRXxKPPuQ.004.mp4": {
    "openness": 0.7444444444444444,
    "conscientiousness": 0.6504854368932039,
    "extraversion": 0.5514018691588786,
    "agreeableness": 0.5274725274725275,
    "neuroticism": 0.5
  },
  "tuuQmKxW3iU.000.mp4": {
    "openness": 0.7444444444444444,
    "conscientiousness": 0.6504854368932039,
    "extraversion": 0.5514018691588786,
    "agreeableness": 0.5274725274725275,
    "neuroticism": 0.5
  },
  "r93dLeVRk3U.000.mp4": {
    "openness": 0.7444444444444444,
    "conscientiousness": 0.6504854368932039,
    "extraversion": 0.5514018691588786,
    "agreeableness": 0.5274725274725275,
    "neuroticism": 0.5
  },
  "wBSf7anTC_g.002.mp4": {
    "openness": 0.7444444444444444,
    "conscientiousness": 0.6504854368932039,
    "extraversion": 0.5514018691588786,
    "agreeableness": 0.5274725274725275,
    "neuroticism": 0.5
  },
  "7ZnijRlK5-E.004.mp4": {
    "openness": 0.7444444444444444,
    "conscientiousness": 0.6504854368932039,
    "extraversion": 0.5514018691588786,
    "agreeableness": 0.5274725274725275,
    "neuroticism": 0.5
  },
  "nYCuMoC5ibQ.003.mp4": {
    "openness": 0.7444444444444444,
    "conscientiousness": 0.6504854368932039,
    "extraversion": 0.5514018691588786,
    "agreeableness": 0.5274725274725275,
    "neuroticism": 0.5
  },
  "US4PxgfKDeA.002.mp4": {
    "openness": 0.7444444444444444,
    "conscientiousness": 0.6504854368932039,
    "extraversion": 0.5514018691588786,
    "agreeableness": 0.5274725274725275,
    "neuroticism": 0.5
  },
  "SkNO4x-LSgE.001.mp4": {
    "openness": 0.7444444444444444,
    "conscientiousness": 0.6504854368932039,
    "extraversion": 0.5514018691588786,
    "agreeableness": 0.5274725274725275,
    "neuroticism": 0.5
  },
  "Bo-mrL28d8M.000.mp4": {
    "openness": 0.7444444444444444,
    "conscientiousness": 0.6504854368932039,
    "extraversion": 0.5514018691588786,
    "agreeableness": 0.5274725274725275,
    "neuroticism": 0.5
  },
  "BlvmREgt2C0.001.mp4": {
    "openness": 0.7444444444444444,
    "conscientiousness": 0.6504854368932039,
    "extraversion": 0.5514018691588786,
    "agreeableness": 0.5274725274725275,
    "neuroticism": 0.5
  },
  "48S9_KZvzVw.002.mp4": {
    "openness": 0.7444444444444444,
    "conscientiousness": 0.6504854368932039,
    "extraversion": 0.5514018691588786,
    "agreeableness": 0.5274725274725275,
    "neuroticism": 0.5
  },
  "R2LlBNLDOeg.000.mp4": {
    "openness": 0.7444444444444444,
    "conscientiousness": 0.6504854368932039,
    "extraversion": 0.5514018691588786,
    "agreeableness": 0.5274725274725275,
    "neuroticism": 0.5
  },
  "sf29orxf4X0.005.mp4": {
    "openness": 0.7444444444444444,
    "conscientiousness": 0.6504854368932039,
    "extraversion": 0.5514018691588786,
    "agreeableness": 0.5274725274725275,
    "neuroticism": 0.5
  },
  "yzKfXFT5KYU.001.mp4": {
    "openness": 0.7444444444444444,
    "conscientiousness": 0.6504854368932039,
    "extraversion": 0.5514018691588786,
    "agreeableness": 0.5274725274725275,
    "neuroticism": 0.5
  },
  "kX-o1qmgWvc.003.mp4": {
    "openness": 0.7444444444444444,
    "conscientiousness": 0.6504854368932039,
    "extraversion": 0.5514018691588786,
    "agreeableness": 0.5274725274725275,
    "neuroticism": 0.5
  },
  "CGfr9jl8w4Y.002.mp4": {
    "openness": 0.7444444444444444,
    "conscientiousness": 0.6504854368932039,
    "extraversion": 0.5514018691588786,
    "agreeableness": 0.5274725274725275,
    "neuroticism": 0.5
  },
  "CdUYBux3Vn8.001.mp4": {
    "openness": 0.7444444444444444,
    "conscientiousness": 0.6504854368932039,
    "extraversion": 0.5514018691588786,
    "agreeableness": 0.5274725274725275,
    "neuroticism": 0.5
  },
  "ihmTGSMvQM4.001.mp4": {
    "openness": 0.7444444444444444,
    "conscientiousness": 0.6504854368932039,
    "extraversion": 0.5514018691588786,
    "agreeableness": 0.5274725274725275,
    "neuroticism": 0.5
  },
  "2GHz8LYflE0.003.mp4": {
    "openness": 0.7444444444444444,
    "conscientiousness": 0.6504854368932039,
    "extraversion": 0.5514018691588786,